,Dex No.,Names,Primary Typing,Secondary Typing,HP,Attack,Defense,Sp. Atk,Sp. Def,Speed,Total
0,1,Bulbasaur,Grass,Poison,45,49,49,65,65,45,318
1,2,Ivysaur,Grass,Poison,60,62,63,80,80,60,405
2,3,Venusaur,Grass,Poison,80,82,83,100,100,80,525
3,4,Charmander,Fire,None,39,52,43,60,50,65,309
4,5,Charmeleon,Fire,None,58,64,58,80,65,80,405
5,6,Charizard,Fire,Flying,78,84,78,109,85,100,534
6,7,Squirtle,Water,None,44,48,65,50,64,43,314
7,8,Wartortle,Water,None,59,63,80,65,80,58,405
8,9,Blastoise,Water,None,79,83,100,85,105,78,530
9,10,Caterpie,Bug,None,45,30,35,20,20,45,195
10,11,Metapod,Bug,None,50,20,55,25,25,30,205
11,12,Butterfree,Bug,Flying,60,45,50,90,80,70,395
12,13,Weedle,Bug,Poison,40,35,30,20,20,50,195
13,14,Kakuna,Bug,Poison,45,25,50,25,25,35,205
14,15,Beedrill,Bug,Poison,65,90,40,45,80,75,395
15,16,Pidgey,Normal,Flying,40,45,40,35,35,56,251
16,17,Pidgeotto,Normal,Flying,63,60,55,50,50,71,349
17,18,Pidgeot,Normal,Flying,83,80,75,70,70,101,479
18,19,Rattata,Normal,None,30,56,35,25,35,72,253
19,20,Raticate,Normal,None,55,81,60,50,70,97,413
20,21,Spearow,Normal,Flying,40,60,30,31,31,70,262
21,22,Fearow,Normal,Flying,65,90,65,61,61,100,442
22,23,Ekans,Poison,None,35,60,44,40,54,55,288
23,24,Arbok,Poison,None,60,95,69,65,79,80,448
24,25,Pikachu,Electric,None,35,55,40,50,50,90,320
25,26,Raichu,Electric,None,60,90,55,90,80,110,485
26,27,Sandshrew,Ground,None,50,75,85,20,30,40,300
27,28,Sandslash,Ground,None,75,100,110,45,55,65,450
28,29,Nidoran♀,Poison,None,55,47,52,40,40,41,275
29,30,Nidorina,Poison,None,70,62,67,55,55,56,365
30,31,Nidoqueen,Poison,Ground,90,92,87,75,85,76,505
31,32,Nidoran♂,Poison,None,46,57,40,40,40,50,273
32,33,Nidorino,Poison,None,61,72,57,55,55,65,365
33,34,Nidoking,Poison,Ground,81,102,77,85,75,85,505
34,35,Clefairy,Fairy,None,70,45,48,60,65,35,323
35,36,Clefable,Fairy,None,95,70,73,95,90,60,483
36,37,Vulpix,Fire,None,38,41,40,50,65,65,299
37,38,Ninetales,Fire,None,73,76,75,81,100,100,505
38,39,Jigglypuff,Normal,Fairy,115,45,20,45,25,20,270
39,40,Wigglytuff,Normal,Fairy,140,70,45,85,50,45,435
40,41,Zubat,Poison,Flying,40,45,35,30,40,55,245
41,42,Golbat,Poison,Flying,75,80,70,65,75,90,455
42,43,Oddish,Grass,Poison,45,50,55,75,65,30,320
43,44,Gloom,Grass,Poison,60,65,70,85,75,40,395
44,45,Vileplume,Grass,Poison,75,80,85,110,90,50,490
45,46,Paras,Bug,Grass,35,70,55,45,55,25,285
46,47,Parasect,Bug,Grass,60,95,80,60,80,30,405
47,48,Venonat,Bug,Poison,60,55,50,40,55,45,305
48,49,Venomoth,Bug,Poison,70,65,60,90,75,90,450
49,50,Diglett,Ground,None,10,55,25,35,45,95,265
50,51,Dugtrio,Ground,None,35,100,50,50,70,120,425
51,52,Meowth,Normal,None,40,45,35,40,40,90,290
52,53,Persian,Normal,None,65,70,60,65,65,115,440
53,54,Psyduck,Water,None,50,52,48,65,50,55,320
54,55,Golduck,Water,None,80,82,78,95,80,85,500
55,56,Mankey,Fighting,None,40,80,35,35,45,70,305
56,57,Primeape,Fighting,None,65,105,60,60,70,95,455
57,58,Growlithe,Fire,None,55,70,45,70,50,60,350
58,59,Arcanine,Fire,None,90,110,80,100,80,95,555
59,60,Poliwag,Water,None,40,50,40,40,40,90,300
60,61,Poliwhirl,Water,None,65,65,65,50,50,90,385
61,62,Poliwrath,Water,Fighting,90,95,95,70,90,70,510
62,63,Abra,Psychic,None,25,20,15,105,55,90,310
63,64,Kadabra,Psychic,None,40,35,30,120,70,105,400
64,65,Alakazam,Psychic,None,55,50,45,135,95,120,500
65,66,Machop,Fighting,None,70,80,50,35,35,35,305
66,67,Machoke,Fighting,None,80,100,70,50,60,45,405
67,68,Machamp,Fighting,None,90,130,80,65,85,55,505
68,69,Bellsprout,Grass,Poison,50,75,35,70,30,40,300
69,70,Weepinbell,Grass,Poison,65,90,50,85,45,55,390
70,71,Victreebel,Grass,Poison,80,105,65,100,70,70,490
71,72,Tentacool,Water,Poison,40,40,35,50,100,70,335
72,73,Tentacruel,Water,Poison,80,70,65,80,120,100,515
73,74,Geodude,Rock,Ground,40,80,100,30,30,20,300
74,75,Graveler,Rock,Ground,55,95,115,45,45,35,390
75,76,Golem,Rock,Ground,80,120,130,55,65,45,495
76,77,Ponyta,Fire,None,50,85,55,65,65,90,410
77,78,Rapidash,Fire,None,65,100,70,80,80,105,500
78,79,Slowpoke,Water,Psychic,90,65,65,40,40,15,315
79,80,Slowbro,Water,Psychic,95,75,110,100,80,30,490
80,81,Magnemite,Electric,Steel,25,35,70,95,55,45,325
81,82,Magneton,Electric,Steel,50,60,95,120,70,70,465
82,83,Farfetch'd,Normal,Flying,52,90,55,58,62,60,377
83,84,Doduo,Normal,Flying,35,85,45,35,35,75,310
84,85,Dodrio,Normal,Flying,60,110,70,60,60,110,470
85,86,Seel,Water,None,65,45,55,45,70,45,325
86,87,Dewgong,Water,Ice,90,70,80,70,95,70,475
87,88,Grimer,Poison,None,80,80,50,40,50,25,325
88,89,Muk,Poison,None,105,105,75,65,100,50,500
89,90,Shellder,Water,None,30,65,100,45,25,40,305
90,91,Cloyster,Water,Ice,50,95,180,85,45,70,525
91,92,Gastly,Ghost,Poison,30,35,30,100,35,80,310
92,93,Haunter,Ghost,Poison,45,50,45,115,55,95,405
93,94,Gengar,Ghost,Poison,60,65,60,130,75,110,500
94,95,Onix,Rock,Ground,35,45,160,30,45,70,385
95,96,Drowzee,Psychic,None,60,48,45,43,90,42,328
96,97,Hypno,Psychic,None,85,73,70,73,115,67,483
97,98,Krabby,Water,None,30,105,90,25,25,50,325
98,99,Kingler,Water,None,55,130,115,50,50,75,475
99,100,Voltorb,Electric,None,40,30,50,55,55,100,330
100,101,Electrode,Electric,None,60,50,70,80,80,150,490
101,102,Exeggcute,Grass,Psychic,60,40,80,60,45,40,325
102,103,Exeggutor,Grass,Psychic,95,95,85,125,75,55,530
103,104,Cubone,Ground,None,50,50,95,40,50,35,320
104,105,Marowak,Ground,None,60,80,110,50,80,45,425
105,106,Hitmonlee,Fighting,None,50,120,53,35,110,87,455
106,107,Hitmonchan,Fighting,None,50,105,79,35,110,76,455
107,108,Lickitung,Normal,None,90,55,75,60,75,30,385
108,109,Koffing,Poison,None,40,65,95,60,45,35,340
109,110,Weezing,Poison,None,65,90,120,85,70,60,490
110,111,Rhyhorn,Ground,Rock,80,85,95,30,30,25,345
111,112,Rhydon,Ground,Rock,105,130,120,45,45,40,485
112,113,Chansey,Normal,None,250,5,5,35,105,50,450
113,114,Tangela,Grass,None,65,55,115,100,40,60,435
114,115,Kangaskhan,Normal,None,105,95,80,40,80,90,490
115,116,Horsea,Water,None,30,40,70,70,25,60,295
116,117,Seadra,Water,None,55,65,95,95,45,85,440
117,118,Goldeen,Water,None,45,67,60,35,50,63,320
118,119,Seaking,Water,None,80,92,65,65,80,68,450
119,120,Staryu,Water,None,30,45,55,70,55,85,340
120,121,Starmie,Water,Psychic,60,75,85,100,85,115,520
121,122,Mr. Mime,Psychic,Fairy,40,45,65,100,120,90,460
122,123,Scyther,Bug,Flying,70,110,80,55,80,105,500
123,124,Jynx,Ice,Psychic,65,50,35,115,95,95,455
124,125,Electabuzz,Electric,None,65,83,57,95,85,105,490
125,126,Magmar,Fire,None,65,95,57,100,85,93,495
126,127,Pinsir,Bug,None,65,125,100,55,70,85,500
127,128,Tauros,Normal,None,75,100,95,40,70,110,490
128,129,Magikarp,Water,None,20,10,55,15,20,80,200
129,130,Gyarados,Water,Flying,95,125,79,60,100,81,540
130,131,Lapras,Water,Ice,130,85,80,85,95,60,535
131,132,Ditto,Normal,None,48,48,48,48,48,48,288
132,133,Eevee,Normal,None,55,55,50,45,65,55,325
133,134,Vaporeon,Water,None,130,65,60,110,95,65,525
134,135,Jolteon,Electric,None,65,65,60,110,95,130,525
135,136,Flareon,Fire,None,65,130,60,95,110,65,525
136,137,Porygon,Normal,None,65,60,70,85,75,40,395
137,138,Omanyte,Rock,Water,35,40,100,90,55,35,355
138,139,Omastar,Rock,Water,70,60,125,115,70,55,495
139,140,Kabuto,Rock,Water,30,80,90,55,45,55,355
140,141,Kabutops,Rock,Water,60,115,105,65,70,80,495
141,142,Aerodactyl,Rock,Flying,80,105,65,60,75,130,515
142,143,Snorlax,Normal,None,160,110,65,65,110,30,540
143,144,Articuno,Ice,Flying,90,85,100,95,125,85,580
144,145,Zapdos,Electric,Flying,90,90,85,125,90,100,580
145,146,Moltres,Fire,Flying,90,100,90,125,85,90,580
146,147,Dratini,Dragon,None,41,64,45,50,50,50,300
147,148,Dragonair,Dragon,None,61,84,65,70,70,70,420
148,149,Dragonite,Dragon,Flying,91,134,95,100,100,80,600
149,150,Mewtwo,Psychic,None,106,110,90,154,90,130,680
150,151,Mew,Psychic,None,100,100,100,100,100,100,600
151,152,Chikorita,Grass,None,45,49,65,49,65,45,318
152,153,Bayleef,Grass,None,60,62,80,63,80,60,405
153,154,Meganium,Grass,None,80,82,100,83,100,80,525
154,155,Cyndaquil,Fire,None,39,52,43,60,50,65,309
155,156,Quilava,Fire,None,58,64,58,80,65,80,405
156,157,Typhlosion,Fire,None,78,84,78,109,85,100,534
157,158,Totodile,Water,None,50,65,64,44,48,43,314
158,159,Croconaw,Water,None,65,80,80,59,63,58,405
159,160,Feraligatr,Water,None,85,105,100,79,83,78,530
160,161,Sentret,Normal,None,35,46,34,35,45,20,215
161,162,Furret,Normal,None,85,76,64,45,55,90,415
162,163,Hoothoot,Normal,Flying,60,30,30,36,56,50,262
163,164,Noctowl,Normal,Flying,100,50,50,86,96,70,452
164,165,Ledyba,Bug,Flying,40,20,30,40,80,55,265
165,166,Ledian,Bug,Flying,55,35,50,55,110,85,390
166,167,Spinarak,Bug,Poison,40,60,40,40,40,30,250
167,168,Ariados,Bug,Poison,70,90,70,60,70,40,400
168,169,Crobat,Poison,Flying,85,90,80,70,80,130,535
169,170,Chinchou,Water,Electric,75,38,38,56,56,67,330
170,171,Lanturn,Water,Electric,125,58,58,76,76,67,460
171,172,Pichu,Electric,None,20,40,15,35,35,60,205
172,173,Cleffa,Fairy,None,50,25,28,45,55,15,218
173,174,Igglybuff,Normal,Fairy,90,30,15,40,20,15,210
174,175,Togepi,Fairy,None,35,20,65,40,65,20,245
175,176,Togetic,Fairy,Flying,55,40,85,80,105,40,405
176,177,Natu,Psychic,Flying,40,50,45,70,45,70,320
177,178,Xatu,Psychic,Flying,65,75,70,95,70,95,470
178,179,Mareep,Electric,None,55,40,40,65,45,35,280
179,180,Flaaffy,Electric,None,70,55,55,80,60,45,365
180,181,Ampharos,Electric,None,90,75,85,115,90,55,510
181,182,Bellossom,Grass,None,75,80,95,90,100,50,490
182,183,Marill,Water,Fairy,70,20,50,20,50,40,250
183,184,Azumarill,Water,Fairy,100,50,80,60,80,50,420
184,185,Sudowoodo,Rock,None,70,100,115,30,65,30,410
185,186,Politoed,Water,None,90,75,75,90,100,70,500
186,187,Hoppip,Grass,Flying,35,35,40,35,55,50,250
187,188,Skiploom,Grass,Flying,55,45,50,45,65,80,340
188,189,Jumpluff,Grass,Flying,75,55,70,55,95,110,460
189,190,Aipom,Normal,None,55,70,55,40,55,85,360
190,191,Sunkern,Grass,None,30,30,30,30,30,30,180
191,192,Sunflora,Grass,None,75,75,55,105,85,30,425
192,193,Yanma,Bug,Flying,65,65,45,75,45,95,390
193,194,Wooper,Water,Ground,55,45,45,25,25,15,210
194,195,Quagsire,Water,Ground,95,85,85,65,65,35,430
195,196,Espeon,Psychic,None,65,65,60,130,95,110,525
196,197,Umbreon,Dark,None,95,65,110,60,130,65,525
197,198,Murkrow,Dark,Flying,60,85,42,85,42,91,405
198,199,Slowking,Water,Psychic,95,75,80,100,110,30,490
199,200,Misdreavus,Ghost,None,60,60,60,85,85,85,435
200,201,Unown,Psychic,None,48,72,48,72,48,48,336
201,202,Wobbuffet,Psychic,None,190,33,58,33,58,33,405
202,203,Girafarig,Normal,Psychic,70,80,65,90,65,85,455
203,204,Pineco,Bug,None,50,65,90,35,35,15,290
204,205,Forretress,Bug,Steel,75,90,140,60,60,40,465
205,206,Dunsparce,Normal,None,100,70,70,65,65,45,415
206,207,Gligar,Ground,Flying,65,75,105,35,65,85,430
207,208,Steelix,Steel,Ground,75,85,200,55,65,30,510
208,209,Snubbull,Fairy,None,60,80,50,40,40,30,300
209,210,Granbull,Fairy,None,90,120,75,60,60,45,450
210,211,Qwilfish,Water,Poison,65,95,85,55,55,85,440
211,212,Scizor,Bug,Steel,70,130,100,55,80,65,500
212,213,Shuckle,Bug,Rock,20,10,230,10,230,5,505
213,214,Heracross,Bug,Fighting,80,125,75,40,95,85,500
214,215,Sneasel,Dark,Ice,55,95,55,35,75,115,430
215,216,Teddiursa,Normal,None,60,80,50,50,50,40,330
216,217,Ursaring,Normal,None,90,130,75,75,75,55,500
217,218,Slugma,Fire,None,40,40,40,70,40,20,250
218,219,Magcargo,Fire,Rock,60,50,120,90,80,30,430
219,220,Swinub,Ice,Ground,50,50,40,30,30,50,250
220,221,Piloswine,Ice,Ground,100,100,80,60,60,50,450
221,222,Corsola,Water,Rock,65,55,95,65,95,35,410
222,223,Remoraid,Water,None,35,65,35,65,35,65,300
223,224,Octillery,Water,None,75,105,75,105,75,45,480
224,225,Delibird,Ice,Flying,45,55,45,65,45,75,330
225,226,Mantine,Water,Flying,85,40,70,80,140,70,485
226,227,Skarmory,Steel,Flying,65,80,140,40,70,70,465
227,228,Houndour,Dark,Fire,45,60,30,80,50,65,330
228,229,Houndoom,Dark,Fire,75,90,50,110,80,95,500
229,230,Kingdra,Water,Dragon,75,95,95,95,95,85,540
230,231,Phanpy,Ground,None,90,60,60,40,40,40,330
231,232,Donphan,Ground,None,90,120,120,60,60,50,500
232,233,Porygon2,Normal,None,85,80,90,105,95,60,515
233,234,Stantler,Normal,None,73,95,62,85,65,85,465
234,235,Smeargle,Normal,None,55,20,35,20,45,75,250
235,236,Tyrogue,Fighting,None,35,35,35,35,35,35,210
236,237,Hitmontop,Fighting,None,50,95,95,35,110,70,455
237,238,Smoochum,Ice,Psychic,45,30,15,85,65,65,305
238,239,Elekid,Electric,None,45,63,37,65,55,95,360
239,240,Magby,Fire,None,45,75,37,70,55,83,365
240,241,Miltank,Normal,None,95,80,105,40,70,100,490
241,242,Blissey,Normal,None,255,10,10,75,135,55,540
242,243,Raikou,Electric,None,90,85,75,115,100,115,580
243,244,Entei,Fire,None,115,115,85,90,75,100,580
244,245,Suicune,Water,None,100,75,115,90,115,85,580
245,246,Larvitar,Rock,Ground,50,64,50,45,50,41,300
246,247,Pupitar,Rock,Ground,70,84,70,65,70,51,410
247,248,Tyranitar,Rock,Dark,100,134,110,95,100,61,600
248,249,Lugia,Psychic,Flying,106,90,130,90,154,110,680
249,250,Ho-oh,Fire,Flying,106,130,90,110,154,90,680
250,251,Celebi,Psychic,Grass,100,100,100,100,100,100,600
251,252,Treecko,Grass,None,40,45,35,65,55,70,310
252,253,Grovyle,Grass,None,50,65,45,85,65,95,405
253,254,Sceptile,Grass,None,70,85,65,105,85,120,530
254,255,Torchic,Fire,None,45,60,40,70,50,45,310
255,256,Combusken,Fire,Fighting,60,85,60,85,60,55,405
256,257,Blaziken,Fire,Fighting,80,120,70,110,70,80,530
257,258,Mudkip,Water,None,50,70,50,50,50,40,310
258,259,Marshtomp,Water,Ground,70,85,70,60,70,50,405
259,260,Swampert,Water,Ground,100,110,90,85,90,60,535
260,261,Poochyena,Dark,None,35,55,35,30,30,35,220
261,262,Mightyena,Dark,None,70,90,70,60,60,70,420
262,263,Zigzagoon,Normal,None,38,30,41,30,41,60,240
263,264,Linoone,Normal,None,78,70,61,50,61,100,420
264,265,Wurmple,Bug,None,45,45,35,20,30,20,195
265,266,Silcoon,Bug,None,50,35,55,25,25,15,205
266,267,Beautifly,Bug,Flying,60,70,50,100,50,65,395
267,268,Cascoon,Bug,None,50,35,55,25,25,15,205
268,269,Dustox,Bug,Poison,60,50,70,50,90,65,385
269,270,Lotad,Water,Grass,40,30,30,40,50,30,220
270,271,Lombre,Water,Grass,60,50,50,60,70,50,340
271,272,Ludicolo,Water,Grass,80,70,70,90,100,70,480
272,273,Seedot,Grass,None,40,40,50,30,30,30,220
273,274,Nuzleaf,Grass,Dark,70,70,40,60,40,60,340
274,275,Shiftry,Grass,Dark,90,100,60,90,60,80,480
275,276,Taillow,Normal,Flying,40,55,30,30,30,85,270
276,277,Swellow,Normal,Flying,60,85,60,75,50,125,455
277,278,Wingull,Water,Flying,40,30,30,55,30,85,270
278,279,Pelipper,Water,Flying,60,50,100,95,70,65,440
279,280,Ralts,Psychic,Fairy,28,25,25,45,35,40,198
280,281,Kirlia,Psychic,Fairy,38,35,35,65,55,50,278
281,282,Gardevoir,Psychic,Fairy,68,65,65,125,115,80,518
282,283,Surskit,Bug,Water,40,30,32,50,52,65,269
283,284,Masquerain,Bug,Flying,70,60,62,100,82,80,454
284,285,Shroomish,Grass,None,60,40,60,40,60,35,295
285,286,Breloom,Grass,Fighting,60,130,80,60,60,70,460
286,287,Slakoth,Normal,None,60,60,60,35,35,30,280
287,288,Vigoroth,Normal,None,80,80,80,55,55,90,440
288,289,Slaking,Normal,None,150,160,100,95,65,100,670
289,290,Nincada,Bug,Ground,31,45,90,30,30,40,266
290,291,Ninjask,Bug,Flying,61,90,45,50,50,160,456
291,292,Shedinja,Bug,Ghost,1,90,45,30,30,40,236
292,293,Whismur,Normal,None,64,51,23,51,23,28,240
293,294,Loudred,Normal,None,84,71,43,71,43,48,360
294,295,Exploud,Normal,None,104,91,63,91,73,68,490
295,296,Makuhita,Fighting,None,72,60,30,20,30,25,237
296,297,Hariyama,Fighting,None,144,120,60,40,60,50,474
297,298,Azurill,Normal,Fairy,50,20,40,20,40,20,190
298,299,Nosepass,Rock,None,30,45,135,45,90,30,375
299,300,Skitty,Normal,None,50,45,45,35,35,50,260
300,301,Delcatty,Normal,None,70,65,65,55,55,90,400
301,302,Sableye,Dark,Ghost,50,75,75,65,65,50,380
302,303,Mawile,Steel,Fairy,50,85,85,55,55,50,380
303,304,Aron,Steel,Rock,50,70,100,40,40,30,330
304,305,Lairon,Steel,Rock,60,90,140,50,50,40,430
305,306,Aggron,Steel,Rock,70,110,180,60,60,50,530
306,307,Meditite,Fighting,Psychic,30,40,55,40,55,60,280
307,308,Medicham,Fighting,Psychic,60,60,75,60,75,80,410
308,309,Electrike,Electric,None,40,45,40,65,40,65,295
309,310,Manectric,Electric,None,70,75,60,105,60,105,475
310,311,Plusle,Electric,None,60,50,40,85,75,95,405
311,312,Minun,Electric,None,60,40,50,75,85,95,405
312,313,Volbeat,Bug,None,65,73,75,47,85,85,430
313,314,Illumise,Bug,None,65,47,75,73,85,85,430
314,315,Roselia,Grass,Poison,50,60,45,100,80,65,400
315,316,Gulpin,Poison,None,70,43,53,43,53,40,302
316,317,Swalot,Poison,None,100,73,83,73,83,55,467
317,318,Carvanha,Water,Dark,45,90,20,65,20,65,305
318,319,Sharpedo,Water,Dark,70,120,40,95,40,95,460
319,320,Wailmer,Water,None,130,70,35,70,35,60,400
320,321,Wailord,Water,None,170,90,45,90,45,60,500
321,322,Numel,Fire,Ground,60,60,40,65,45,35,305
322,323,Camerupt,Fire,Ground,70,100,70,105,75,40,460
323,324,Torkoal,Fire,None,70,85,140,85,70,20,470
324,325,Spoink,Psychic,None,60,25,35,70,80,60,330
325,326,Grumpig,Psychic,None,80,45,65,90,110,80,470
326,327,Spinda,Normal,None,60,60,60,60,60,60,360
327,328,Trapinch,Ground,None,45,100,45,45,45,10,290
328,329,Vibrava,Ground,Dragon,50,70,50,50,50,70,340
329,330,Flygon,Ground,Dragon,80,100,80,80,80,100,520
330,331,Cacnea,Grass,None,50,85,40,85,40,35,335
331,332,Cacturne,Grass,Dark,70,115,60,115,60,55,475
332,333,Swablu,Normal,Flying,45,40,60,40,75,50,310
333,334,Altaria,Dragon,Flying,75,70,90,70,105,80,490
334,335,Zangoose,Normal,None,73,115,60,60,60,90,458
335,336,Seviper,Poison,None,73,100,60,100,60,65,458
336,337,Lunatone,Rock,Psychic,90,55,65,95,85,70,460
337,338,Solrock,Rock,Psychic,90,95,85,55,65,70,460
338,339,Barboach,Water,Ground,50,48,43,46,41,60,288
339,340,Whiscash,Water,Ground,110,78,73,76,71,60,468
340,341,Corphish,Water,None,43,80,65,50,35,35,308
341,342,Crawdaunt,Water,Dark,63,120,85,90,55,55,468
342,343,Baltoy,Ground,Psychic,40,40,55,40,70,55,300
343,344,Claydol,Ground,Psychic,60,70,105,70,120,75,500
344,345,Lileep,Rock,Grass,66,41,77,61,87,23,355
345,346,Cradily,Rock,Grass,86,81,97,81,107,43,495
346,347,Anorith,Rock,Bug,45,95,50,40,50,75,355
347,348,Armaldo,Rock,Bug,75,125,100,70,80,45,495
348,349,Feebas,Water,None,20,15,20,10,55,80,200
349,350,Milotic,Water,None,95,60,79,100,125,81,540
350,351,Castform,Normal,None,70,70,70,70,70,70,420
351,352,Kecleon,Normal,None,60,90,70,60,120,40,440
352,353,Shuppet,Ghost,None,44,75,35,63,33,45,295
353,354,Banette,Ghost,None,64,115,65,83,63,65,455
354,355,Duskull,Ghost,None,20,40,90,30,90,25,295
355,356,Dusclops,Ghost,None,40,70,130,60,130,25,455
356,357,Tropius,Grass,Flying,99,68,83,72,87,51,460
357,358,Chimecho,Psychic,None,75,50,80,95,90,65,455
358,359,Absol,Dark,None,65,130,60,75,60,75,465
359,360,Wynaut,Psychic,None,95,23,48,23,48,23,260
360,361,Snorunt,Ice,None,50,50,50,50,50,50,300
361,362,Glalie,Ice,None,80,80,80,80,80,80,480
362,363,Spheal,Ice,Water,70,40,50,55,50,25,290
363,364,Sealeo,Ice,Water,90,60,70,75,70,45,410
364,365,Walrein,Ice,Water,110,80,90,95,90,65,530
365,366,Clamperl,Water,None,35,64,85,74,55,32,345
366,367,Huntail,Water,None,55,104,105,94,75,52,485
367,368,Gorebyss,Water,None,55,84,105,114,75,52,485
368,369,Relicanth,Water,Rock,100,90,130,45,65,55,485
369,370,Luvdisc,Water,None,43,30,55,40,65,97,330
370,371,Bagon,Dragon,None,45,75,60,40,30,50,300
371,372,Shelgon,Dragon,None,65,95,100,60,50,50,420
372,373,Salamence,Dragon,Flying,95,135,80,110,80,100,600
373,374,Beldum,Steel,Psychic,40,55,80,35,60,30,300
374,375,Metang,Steel,Psychic,60,75,100,55,80,50,420
375,376,Metagross,Steel,Psychic,80,135,130,95,90,70,600
376,377,Regirock,Rock,None,80,100,200,50,100,50,580
377,378,Regice,Ice,None,80,50,100,100,200,50,580
378,379,Registeel,Steel,None,80,75,150,75,150,50,580
379,380,Latias,Dragon,Psychic,80,80,90,110,130,110,600
380,381,Latios,Dragon,Psychic,80,90,80,130,110,110,600
381,382,Kyogre,Water,None,100,100,90,150,140,90,670
382,383,Groudon,Ground,None,100,150,140,100,90,90,670
383,384,Rayquaza,Dragon,Flying,105,150,90,150,90,95,680
384,385,Jirachi,Steel,Psychic,100,100,100,100,100,100,600
385,386,Deoxys,Psychic,None,50,150,50,150,50,150,600
386,387,Turtwig,Grass,None,55,68,64,45,55,31,318
387,388,Grotle,Grass,None,75,89,85,55,65,36,405
388,389,Torterra,Grass,Ground,95,109,105,75,85,56,525
389,390,Chimchar,Fire,None,44,58,44,58,44,61,309
390,391,Monferno,Fire,Fighting,64,78,52,78,52,81,405
391,392,Infernape,Fire,Fighting,76,104,71,104,71,108,534
392,393,Piplup,Water,None,53,51,53,61,56,40,314
393,394,Prinplup,Water,None,64,66,68,81,76,50,405
394,395,Empoleon,Water,Steel,84,86,88,111,101,60,530
395,396,Starly,Normal,Flying,40,55,30,30,30,60,245
396,397,Staravia,Normal,Flying,55,75,50,40,40,80,340
397,398,Staraptor,Normal,Flying,85,120,70,50,60,100,485
398,399,Bidoof,Normal,None,59,45,40,35,40,31,250
399,400,Bibarel,Normal,Water,79,85,60,55,60,71,410
400,401,Kricketot,Bug,None,37,25,41,25,41,25,194
401,402,Kricketune,Bug,None,77,85,51,55,51,65,384
402,403,Shinx,Electric,None,45,65,34,40,34,45,263
403,404,Luxio,Electric,None,60,85,49,60,49,60,363
404,405,Luxray,Electric,None,80,120,79,95,79,70,523
405,406,Budew,Grass,Poison,40,30,35,50,70,55,280
406,407,Roserade,Grass,Poison,60,70,65,125,105,90,515
407,408,Cranidos,Rock,None,67,125,40,30,30,58,350
408,409,Rampardos,Rock,None,97,165,60,65,50,58,495
409,410,Shieldon,Rock,Steel,30,42,118,42,88,30,350
410,411,Bastiodon,Rock,Steel,60,52,168,47,138,30,495
411,412,Burmy,Bug,None,40,29,45,29,45,36,224
412,413,Wormadam,Bug,Grass,60,59,85,79,105,36,424
413,414,Mothim,Bug,Flying,70,94,50,94,50,66,424
414,415,Combee,Bug,Flying,30,30,42,30,42,70,244
415,416,Vespiquen,Bug,Flying,70,80,102,80,102,40,474
416,417,Pachirisu,Electric,None,60,45,70,45,90,95,405
417,418,Buizel,Water,None,55,65,35,60,30,85,330
418,419,Floatzel,Water,None,85,105,55,85,50,115,495
419,420,Cherubi,Grass,None,45,35,45,62,53,35,275
420,421,Cherrim,Grass,None,70,60,70,87,78,85,450
421,422,Shellos,Water,None,76,48,48,57,62,34,325
422,423,Gastrodon,Water,Ground,111,83,68,92,82,39,475
423,424,Ambipom,Normal,None,75,100,66,60,66,115,482
424,425,Drifloon,Ghost,Flying,90,50,34,60,44,70,348
425,426,Drifblim,Ghost,Flying,150,80,44,90,54,80,498
426,427,Buneary,Normal,None,55,66,44,44,56,85,350
427,428,Lopunny,Normal,None,65,76,84,54,96,105,480
428,429,Mismagius,Ghost,None,60,60,60,105,105,105,495
429,430,Honchkrow,Dark,Flying,100,125,52,105,52,71,505
430,431,Glameow,Normal,None,49,55,42,42,37,85,310
431,432,Purugly,Normal,None,71,82,64,64,59,112,452
432,433,Chingling,Psychic,None,45,30,50,65,50,45,285
433,434,Stunky,Poison,Dark,63,63,47,41,41,74,329
434,435,Skuntank,Poison,Dark,103,93,67,71,61,84,479
435,436,Bronzor,Steel,Psychic,57,24,86,24,86,23,300
436,437,Bronzong,Steel,Psychic,67,89,116,79,116,33,500
437,438,Bonsly,Rock,None,50,80,95,10,45,10,290
438,439,Mime Jr.,Psychic,Fairy,20,25,45,70,90,60,310
439,440,Happiny,Normal,None,100,5,5,15,65,30,220
440,441,Chatot,Normal,Flying,76,65,45,92,42,91,411
441,442,Spiritomb,Ghost,Dark,50,92,108,92,108,35,485
442,443,Gible,Dragon,Ground,58,70,45,40,45,42,300
443,444,Gabite,Dragon,Ground,68,90,65,50,55,82,410
444,445,Garchomp,Dragon,Ground,108,130,95,80,85,102,600
445,446,Munchlax,Normal,None,135,85,40,40,85,5,390
446,447,Riolu,Fighting,None,40,70,40,35,40,60,285
447,448,Lucario,Fighting,Steel,70,110,70,115,70,90,525
448,449,Hippopotas,Ground,None,68,72,78,38,42,32,330
449,450,Hippowdon,Ground,None,108,112,118,68,72,47,525
450,451,Skorupi,Poison,Bug,40,50,90,30,55,65,330
451,452,Drapion,Poison,Dark,70,90,110,60,75,95,500
452,453,Croagunk,Poison,Fighting,48,61,40,61,40,50,300
453,454,Toxicroak,Poison,Fighting,83,106,65,86,65,85,490
454,455,Carnivine,Grass,None,74,100,72,90,72,46,454
455,456,Finneon,Water,None,49,49,56,49,61,66,330
456,457,Lumineon,Water,None,69,69,76,69,86,91,460
457,458,Mantyke,Water,Flying,45,20,50,60,120,50,345
458,459,Snover,Grass,Ice,60,62,50,62,60,40,334
459,460,Abomasnow,Grass,Ice,90,92,75,92,85,60,494
460,461,Weavile,Dark,Ice,70,120,65,45,85,125,510
461,462,Magnezone,Electric,Steel,70,70,115,130,90,60,535
462,463,Lickilicky,Normal,None,110,85,95,80,95,50,515
463,464,Rhyperior,Ground,Rock,115,140,130,55,55,40,535
464,465,Tangrowth,Grass,None,100,100,125,110,50,50,535
465,466,Electivire,Electric,None,75,123,67,95,85,95,540
466,467,Magmortar,Fire,None,75,95,67,125,95,83,540
467,468,Togekiss,Fairy,Flying,85,50,95,120,115,80,545
468,469,Yanmega,Bug,Flying,86,76,86,116,56,95,515
469,470,Leafeon,Grass,None,65,110,130,60,65,95,525
470,471,Glaceon,Ice,None,65,60,110,130,95,65,525
471,472,Gliscor,Ground,Flying,75,95,125,45,75,95,510
472,473,Mamoswine,Ice,Ground,110,130,80,70,60,80,530
473,474,Porygon-Z,Normal,None,85,80,70,135,75,90,535
474,475,Gallade,Psychic,Fighting,68,125,65,65,115,80,518
475,476,Probopass,Rock,Steel,60,55,145,75,150,40,525
476,477,Dusknoir,Ghost,None,45,100,135,65,135,45,525
477,478,Froslass,Ice,Ghost,70,80,70,80,70,110,480
478,479,Rotom,Electric,Ghost,50,50,77,95,77,91,440
479,480,Uxie,Psychic,None,75,75,130,75,130,95,580
480,481,Mesprit,Psychic,None,80,105,105,105,105,80,580
481,482,Azelf,Psychic,None,75,125,70,125,70,115,580
482,483,Dialga,Steel,Dragon,100,120,120,150,100,90,680
483,484,Palkia,Water,Dragon,90,120,100,150,120,100,680
484,485,Heatran,Fire,Steel,91,90,106,130,106,77,600
485,486,Regigigas,Normal,None,110,160,110,80,110,100,670
486,487,Giratina,Ghost,Dragon,150,100,120,100,120,90,680
487,488,Cresselia,Psychic,None,120,70,120,75,130,85,600
488,489,Phione,Water,None,80,80,80,80,80,80,480
489,490,Manaphy,Water,None,100,100,100,100,100,100,600
490,491,Darkrai,Dark,None,70,90,90,135,90,125,600
491,492,Shaymin,Grass,None,100,100,100,100,100,100,600
492,493,Arceus,Normal,None,120,120,120,120,120,120,720
493,494,Victini,Psychic,Fire,100,100,100,100,100,100,600
494,495,Snivy,Grass,None,45,45,55,45,55,63,308
495,496,Servine,Grass,None,60,60,75,60,75,83,413
496,497,Serperior,Grass,None,75,75,95,75,95,113,528
497,498,Tepig,Fire,None,65,63,45,45,45,45,308
498,499,Pignite,Fire,Fighting,90,93,55,70,55,55,418
499,500,Emboar,Fire,Fighting,110,123,65,100,65,65,528
500,501,Oshawott,Water,None,55,55,45,63,45,45,308
501,502,Dewott,Water,None,75,75,60,83,60,60,413
502,503,Samurott,Water,None,95,100,85,108,70,70,528
503,504,Patrat,Normal,None,45,55,39,35,39,42,255
504,505,Watchog,Normal,None,60,85,69,60,69,77,420
505,506,Lillipup,Normal,None,45,60,45,25,45,55,275
506,507,Herdier,Normal,None,65,80,65,35,65,60,370
507,508,Stoutland,Normal,None,85,110,90,45,90,80,500
508,509,Purrloin,Dark,None,41,50,37,50,37,66,281
509,510,Liepard,Dark,None,64,88,50,88,50,106,446
510,511,Pansage,Grass,None,50,53,48,53,48,64,316
511,512,Simisage,Grass,None,75,98,63,98,63,101,498
512,513,Pansear,Fire,None,50,53,48,53,48,64,316
513,514,Simisear,Fire,None,75,98,63,98,63,101,498
514,515,Panpour,Water,None,50,53,48,53,48,64,316
515,516,Simipour,Water,None,75,98,63,98,63,101,498
516,517,Munna,Psychic,None,76,25,45,67,55,24,292
517,518,Musharna,Psychic,None,116,55,85,107,95,29,487
518,519,Pidove,Normal,Flying,50,55,50,36,30,43,264
519,520,Tranquill,Normal,Flying,62,77,62,50,42,65,358
520,521,Unfezant,Normal,Flying,80,115,80,65,55,93,488
521,522,Blitzle,Electric,None,45,60,32,50,32,76,295
522,523,Zebstrika,Electric,None,75,100,63,80,63,116,497
523,524,Roggenrola,Rock,None,55,75,85,25,25,15,280
524,525,Boldore,Rock,None,70,105,105,50,40,20,390
525,526,Gigalith,Rock,None,85,135,130,60,80,25,515
526,527,Woobat,Psychic,Flying,65,45,43,55,43,72,323
527,528,Swoobat,Psychic,Flying,67,57,55,77,55,114,425
528,529,Drilbur,Ground,None,60,85,40,30,45,68,328
529,530,Excadrill,Ground,Steel,110,135,60,50,65,88,508
530,531,Audino,Normal,None,103,60,86,60,86,50,445
531,532,Timburr,Fighting,None,75,80,55,25,35,35,305
532,533,Gurdurr,Fighting,None,85,105,85,40,50,40,405
533,534,Conkeldurr,Fighting,None,105,140,95,55,65,45,505
534,535,Tympole,Water,None,50,50,40,50,40,64,294
535,536,Palpitoad,Water,Ground,75,65,55,65,55,69,384
536,537,Seismitoad,Water,Ground,105,95,75,85,75,74,509
537,538,Throh,Fighting,None,120,100,85,30,85,45,465
538,539,Sawk,Fighting,None,75,125,75,30,75,85,465
539,540,Sewaddle,Bug,Grass,45,53,70,40,60,42,310
540,541,Swadloon,Bug,Grass,55,63,90,50,80,42,380
541,542,Leavanny,Bug,Grass,75,103,80,70,80,92,500
542,543,Venipede,Bug,Poison,30,45,59,30,39,57,260
543,544,Whirlipede,Bug,Poison,40,55,99,40,79,47,360
544,545,Scolipede,Bug,Poison,60,100,89,55,69,112,485
545,546,Cottonee,Grass,Fairy,40,27,60,37,50,66,280
546,547,Whimsicott,Grass,Fairy,60,67,85,77,75,116,480
547,548,Petilil,Grass,None,45,35,50,70,50,30,280
548,549,Lilligant,Grass,None,70,60,75,110,75,90,480
549,550,Basculin,Water,None,70,92,65,80,55,98,460
550,551,Sandile,Ground,Dark,50,72,35,35,35,65,292
551,552,Krokorok,Ground,Dark,60,82,45,45,45,74,351
552,553,Krookodile,Ground,Dark,95,117,80,65,70,92,519
553,554,Darumaka,Fire,None,70,90,45,15,45,50,315
554,555,Darmanitan,Fire,None,105,140,55,30,55,95,480
555,556,Maractus,Grass,None,75,86,67,106,67,60,461
556,557,Dwebble,Bug,Rock,50,65,85,35,35,55,325
557,558,Crustle,Bug,Rock,70,105,125,65,75,45,485
558,559,Scraggy,Dark,Fighting,50,75,70,35,70,48,348
559,560,Scrafty,Dark,Fighting,65,90,115,45,115,58,488
560,561,Sigilyph,Psychic,Flying,72,58,80,103,80,97,490
561,562,Yamask,Ghost,None,38,30,85,55,65,30,303
562,563,Cofagrigus,Ghost,None,58,50,145,95,105,30,483
563,564,Tirtouga,Water,Rock,54,78,103,53,45,22,355
564,565,Carracosta,Water,Rock,74,108,133,83,65,32,495
565,566,Archen,Rock,Flying,55,112,45,74,45,70,401
566,567,Archeops,Rock,Flying,75,140,65,112,65,110,567
567,568,Trubbish,Poison,None,50,50,62,40,62,65,329
568,569,Garbodor,Poison,None,80,95,82,60,82,75,474
569,570,Zorua,Dark,None,40,65,40,80,40,65,330
570,571,Zoroark,Dark,None,60,105,60,120,60,105,510
571,572,Minccino,Normal,None,55,50,40,40,40,75,300
572,573,Cinccino,Normal,None,75,95,60,65,60,115,470
573,574,Gothita,Psychic,None,45,30,50,55,65,45,290
574,575,Gothorita,Psychic,None,60,45,70,75,85,55,390
575,576,Gothitelle,Psychic,None,70,55,95,95,110,65,490
576,577,Solosis,Psychic,None,45,30,40,105,50,20,290
577,578,Duosion,Psychic,None,65,40,50,125,60,30,370
578,579,Reuniclus,Psychic,None,110,65,75,125,85,30,490
579,580,Ducklett,Water,Flying,62,44,50,44,50,55,305
580,581,Swanna,Water,Flying,75,87,63,87,63,98,473
581,582,Vanillite,Ice,None,36,50,50,65,60,44,305
582,583,Vanillish,Ice,None,51,65,65,80,75,59,395
583,584,Vanilluxe,Ice,None,71,95,85,110,95,79,535
584,585,Deerling,Normal,Grass,60,60,50,40,50,75,335
585,586,Sawsbuck,Normal,Grass,80,100,70,60,70,95,475
586,587,Emolga,Electric,Flying,55,75,60,75,60,103,428
587,588,Karrablast,Bug,None,50,75,45,40,45,60,315
588,589,Escavalier,Bug,Steel,70,135,105,60,105,20,495
589,590,Foongus,Grass,Poison,69,55,45,55,55,15,294
590,591,Amoonguss,Grass,Poison,114,85,70,85,80,30,464
591,592,Frillish,Water,Ghost,55,40,50,65,85,40,335
592,593,Jellicent,Water,Ghost,100,60,70,85,105,60,480
593,594,Alomomola,Water,None,165,75,80,40,45,65,470
594,595,Joltik,Bug,Electric,50,47,50,57,50,65,319
595,596,Galvantula,Bug,Electric,70,77,60,97,60,108,472
596,597,Ferroseed,Grass,Steel,44,50,91,24,86,10,305
597,598,Ferrothorn,Grass,Steel,74,94,131,54,116,20,489
598,599,Klink,Steel,None,40,55,70,45,60,30,300
599,600,Klang,Steel,None,60,80,95,70,85,50,440
600,601,Klinklang,Steel,None,60,100,115,70,85,90,520
601,602,Tynamo,Electric,None,35,55,40,45,40,60,275
602,603,Eelektrik,Electric,None,65,85,70,75,70,40,405
603,604,Eelektross,Electric,None,85,115,80,105,80,50,515
604,605,Elgyem,Psychic,None,55,55,55,85,55,30,335
605,606,Beheeyem,Psychic,None,75,75,75,125,95,40,485
606,607,Litwick,Ghost,Fire,50,30,55,65,55,20,275
607,608,Lampent,Ghost,Fire,60,40,60,95,60,55,370
608,609,Chandelure,Ghost,Fire,60,55,90,145,90,80,520
609,610,Axew,Dragon,None,46,87,60,30,40,57,320
610,611,Fraxure,Dragon,None,66,117,70,40,50,67,410
611,612,Haxorus,Dragon,None,76,147,90,60,70,97,540
612,613,Cubchoo,Ice,None,55,70,40,60,40,40,305
613,614,Beartic,Ice,None,95,130,80,70,80,50,505
614,615,Cryogonal,Ice,None,80,50,50,95,135,105,515
615,616,Shelmet,Bug,None,50,40,85,40,65,25,305
616,617,Accelgor,Bug,None,80,70,40,100,60,145,495
617,618,Stunfisk,Ground,Electric,109,66,84,81,99,32,471
618,619,Mienfoo,Fighting,None,45,85,50,55,50,65,350
619,620,Mienshao,Fighting,None,65,125,60,95,60,105,510
620,621,Druddigon,Dragon,None,77,120,90,60,90,48,485
621,622,Golett,Ground,Ghost,59,74,50,35,50,35,303
622,623,Golurk,Ground,Ghost,89,124,80,55,80,55,483
623,624,Pawniard,Dark,Steel,45,85,70,40,40,60,340
624,625,Bisharp,Dark,Steel,65,125,100,60,70,70,490
625,626,Bouffalant,Normal,None,95,110,95,40,95,55,490
626,627,Rufflet,Normal,Flying,70,83,50,37,50,60,350
627,628,Braviary,Normal,Flying,100,123,75,57,75,80,510
628,629,Vullaby,Dark,Flying,70,55,75,45,65,60,370
629,630,Mandibuzz,Dark,Flying,110,65,105,55,95,80,510
630,631,Heatmor,Fire,None,85,97,66,105,66,65,484
631,632,Durant,Bug,Steel,58,109,112,48,48,109,484
632,633,Deino,Dark,Dragon,52,65,50,45,50,38,300
633,634,Zweilous,Dark,Dragon,72,85,70,65,70,58,420
634,635,Hydreigon,Dark,Dragon,92,105,90,125,90,98,600
635,636,Larvesta,Bug,Fire,55,85,55,50,55,60,360
636,637,Volcarona,Bug,Fire,85,60,65,135,105,100,550
637,638,Cobalion,Steel,Fighting,91,90,129,90,72,108,580
638,639,Terrakion,Rock,Fighting,91,129,90,72,90,108,580
639,640,Virizion,Grass,Fighting,91,90,72,90,129,108,580
640,641,Tornadus,Flying,None,79,115,70,125,80,111,580
641,642,Thundurus,Electric,Flying,79,115,70,125,80,111,580
642,643,Reshiram,Dragon,Fire,100,120,100,150,120,90,680
643,644,Zekrom,Dragon,Electric,100,150,120,120,100,90,680
644,645,Landorus,Ground,Flying,89,125,90,115,80,101,600
645,646,Kyurem,Dragon,Ice,125,130,90,130,90,95,660
646,647,Keldeo,Water,Fighting,91,72,90,129,90,108,580
647,648,Meloetta,Normal,Psychic,100,77,77,128,128,90,600
648,649,Genesect,Bug,Steel,71,120,95,120,95,99,600
649,650,Chespin,Grass,None,56,61,65,48,45,38,313
650,651,Quilladin,Grass,None,61,78,95,56,58,57,405
651,652,Chesnaught,Grass,Fighting,88,107,122,74,75,64,530
652,653,Fennekin,Fire,None,40,45,40,62,60,60,307
653,654,Braixen,Fire,None,59,59,58,90,70,73,409
654,655,Delphox,Fire,Psychic,75,69,72,114,100,104,534
655,656,Froakie,Water,None,41,56,40,62,44,71,314
656,657,Frogadier,Water,None,54,63,52,83,56,97,405
657,658,Greninja,Water,Dark,72,95,67,103,71,122,530
658,659,Bunnelby,Normal,None,38,36,38,32,36,57,237
659,660,Diggersby,Normal,Ground,85,56,77,50,77,78,423
660,661,Fletchling,Normal,Flying,45,50,43,40,38,62,278
661,662,Fletchinder,Fire,Flying,62,73,55,56,52,84,382
662,663,Talonflame,Fire,Flying,78,81,71,74,69,126,499
663,664,Scatterbug,Bug,None,38,35,40,27,25,35,200
664,665,Spewpa,Bug,None,45,22,60,27,30,29,213
665,666,Vivillon,Bug,Flying,80,52,50,90,50,89,411
666,667,Litleo,Fire,Normal,62,50,58,73,54,72,369
667,668,Pyroar,Fire,Normal,86,68,72,109,66,106,507
668,669,Flabébé,Fairy,None,44,38,39,61,79,42,303
669,670,Floette,Fairy,None,54,45,47,75,98,52,371
670,671,Florges,Fairy,None,78,65,68,112,154,75,552
671,672,Skiddo,Grass,None,66,65,48,62,57,52,350
672,673,Gogoat,Grass,None,123,100,62,97,81,68,531
673,674,Pancham,Fighting,None,67,82,62,46,48,43,348
674,675,Pangoro,Fighting,Dark,95,124,78,69,71,58,495
675,676,Furfrou,Normal,None,75,80,60,65,90,102,472
676,677,Espurr,Psychic,None,62,48,54,63,60,68,355
677,678,Meowstic,Psychic,None,74,48,76,83,81,104,466
678,679,Honedge,Steel,Ghost,45,80,100,35,37,28,325
679,680,Doublade,Steel,Ghost,59,110,150,45,49,35,448
680,681,Aegislash,Steel,Ghost,60,150,50,150,50,60,520
681,682,Spritzee,Fairy,None,78,52,60,63,65,23,341
682,683,Aromatisse,Fairy,None,101,72,72,99,89,29,462
683,684,Swirlix,Fairy,None,62,48,66,59,57,49,341
684,685,Slurpuff,Fairy,None,82,80,86,85,75,72,480
685,686,Inkay,Dark,Psychic,53,54,53,37,46,45,288
686,687,Malamar,Dark,Psychic,86,92,88,68,75,73,482
687,688,Binacle,Rock,Water,42,52,67,39,56,50,306
688,689,Barbaracle,Rock,Water,72,105,115,54,86,68,500
689,690,Skrelp,Poison,Water,50,60,60,60,60,30,320
690,691,Dragalge,Poison,Dragon,65,75,90,97,123,44,494
691,692,Clauncher,Water,None,50,53,62,58,63,44,330
692,693,Clawitzer,Water,None,71,73,88,120,89,59,500
693,694,Helioptile,Electric,Normal,44,38,33,61,43,70,289
694,695,Heliolisk,Electric,Normal,62,55,52,109,94,109,481
695,696,Tyrunt,Rock,Dragon,58,89,77,45,45,48,362
696,697,Tyrantrum,Rock,Dragon,82,121,119,69,59,71,521
697,698,Amaura,Rock,Ice,77,59,50,67,63,46,362
698,699,Aurorus,Rock,Ice,123,77,72,99,92,58,521
699,700,Sylveon,Fairy,None,95,65,65,110,130,60,525
700,701,Hawlucha,Fighting,Flying,78,92,75,74,63,118,500
701,702,Dedenne,Electric,Fairy,67,58,57,81,67,101,431
702,703,Carbink,Rock,Fairy,50,50,150,50,150,50,500
703,704,Goomy,Dragon,None,45,50,35,55,75,40,300
704,705,Sliggoo,Dragon,None,68,75,53,83,113,60,452
705,706,Goodra,Dragon,None,90,100,70,110,150,80,600
706,707,Klefki,Steel,Fairy,57,80,91,80,87,75,470
707,708,Phantump,Ghost,Grass,43,70,48,50,60,38,309
708,709,Trevenant,Ghost,Grass,85,110,76,65,82,56,474
709,710,Pumpkaboo,Ghost,Grass,49,66,70,44,55,51,335
710,711,Gourgeist,Ghost,Grass,65,90,122,58,75,84,494
711,712,Bergmite,Ice,None,55,69,85,32,35,28,304
712,713,Avalugg,Ice,None,95,117,184,44,46,28,514
713,714,Noibat,Flying,Dragon,40,30,35,45,40,55,245
714,715,Noivern,Flying,Dragon,85,70,80,97,80,123,535
715,716,Xerneas,Fairy,None,126,131,95,131,98,99,680
716,717,Yveltal,Dark,Flying,126,131,95,131,98,99,680
717,718,Zygarde,Dragon,Ground,108,100,121,81,95,95,600
718,719,Diancie,Rock,Fairy,50,100,150,100,150,50,600
719,720,Hoopa,Psychic,Ghost,80,110,60,150,130,70,600
720,721,Volcanion,Fire,Water,80,110,120,130,90,70,600
721,722,Rowlet,Grass,Flying,68,55,55,50,50,42,320
722,723,Dartrix,Grass,Flying,78,75,75,70,70,52,420
723,724,Decidueye,Grass,Ghost,78,107,75,100,100,70,530
724,725,Litten,Fire,None,45,65,40,60,40,70,320
725,726,Torracat,Fire,None,65,85,50,80,50,90,420
726,727,Incineroar,Fire,Dark,95,115,90,80,90,60,530
727,728,Popplio,Water,None,50,54,54,66,56,40,320
728,729,Brionne,Water,None,60,69,69,91,81,50,420
729,730,Primarina,Water,Fairy,80,74,74,126,116,60,530
730,731,Pikipek,Normal,Flying,35,75,30,30,30,65,265
731,732,Trumbeak,Normal,Flying,55,85,50,40,50,75,355
732,733,Toucannon,Normal,Flying,80,120,75,75,75,60,485
733,734,Yungoos,Normal,None,48,70,30,30,30,45,253
734,735,Gumshoos,Normal,None,88,110,60,55,60,45,418
735,736,Grubbin,Bug,None,47,62,45,55,45,46,300
736,737,Charjabug,Bug,Electric,57,82,95,55,75,36,400
737,738,Vikavolt,Bug,Electric,77,70,90,145,75,43,500
738,739,Crabrawler,Fighting,None,47,82,57,42,47,63,338
739,740,Crabominable,Fighting,Ice,97,132,77,62,67,43,478
740,741,Oricorio,Fire,Flying,75,70,70,98,70,93,476
741,742,Cutiefly,Bug,Fairy,40,45,40,55,40,84,304
742,743,Ribombee,Bug,Fairy,60,55,60,95,70,124,464
743,744,Rockruff,Rock,None,45,65,40,30,40,60,280
744,745,Lycanroc,Rock,None,75,115,65,55,65,112,487
745,746,Wishiwashi,Water,None,45,20,20,25,25,40,175
746,747,Mareanie,Poison,Water,50,53,62,43,52,45,305
747,748,Toxapex,Poison,Water,50,63,152,53,142,35,495
748,749,Mudbray,Ground,None,70,100,70,45,55,45,385
749,750,Mudsdale,Ground,None,100,125,100,55,85,35,500
750,751,Dewpider,Water,Bug,38,40,52,40,72,27,269
751,752,Araquanid,Water,Bug,68,70,92,50,132,42,454
752,753,Fomantis,Grass,None,40,55,35,50,35,35,250
753,754,Lurantis,Grass,None,70,105,90,80,90,45,480
754,755,Morelull,Grass,Fairy,40,35,55,65,75,15,285
755,756,Shiinotic,Grass,Fairy,60,45,80,90,100,30,405
756,757,Salandit,Poison,Fire,48,44,40,71,40,77,320
757,758,Salazzle,Poison,Fire,68,64,60,111,60,117,480
758,759,Stufful,Normal,Fighting,70,75,50,45,50,50,340
759,760,Bewear,Normal,Fighting,120,125,80,55,60,60,500
760,761,Bounsweet,Grass,None,42,30,38,30,38,32,210
761,762,Steenee,Grass,None,52,40,48,40,48,62,290
762,763,Tsareena,Grass,None,72,120,98,50,98,72,510
763,764,Comfey,Fairy,None,51,52,90,82,110,100,485
764,765,Oranguru,Normal,Psychic,90,60,80,90,110,60,490
765,766,Passimian,Fighting,None,100,120,90,40,60,80,490
766,767,Wimpod,Bug,Water,25,35,40,20,30,80,230
767,768,Golisopod,Bug,Water,75,125,140,60,90,40,530
768,769,Sandygast,Ghost,Ground,55,55,80,70,45,15,320
769,770,Palossand,Ghost,Ground,85,75,110,100,75,35,480
770,771,Pyukumuku,Water,None,55,60,130,30,130,5,410
771,772,Type: Null,Normal,None,95,95,95,95,95,59,534
772,773,Silvally,Normal,None,95,95,95,95,95,95,570
773,774,Minior,Rock,Flying,60,60,100,60,100,60,440
774,775,Komala,Normal,None,65,115,65,75,95,65,480
775,776,Turtonator,Fire,Dragon,60,78,135,91,85,36,485
776,777,Togedemaru,Electric,Steel,65,98,63,40,73,96,435
777,778,Mimikyu,Ghost,Fairy,55,90,80,50,105,96,476
778,779,Bruxish,Water,Psychic,68,105,70,70,70,92,475
779,780,Drampa,Normal,Dragon,78,60,85,135,91,36,485
780,781,Dhelmise,Ghost,Grass,70,131,100,86,90,40,517
781,782,Jangmo-o,Dragon,None,45,55,65,45,45,45,300
782,783,Hakamo-o,Dragon,Fighting,55,75,90,65,70,65,420
783,784,Kommo-o,Dragon,Fighting,75,110,125,100,105,85,600
784,785,Tapu Koko,Electric,Fairy,70,115,85,95,75,130,570
785,786,Tapu Lele,Psychic,Fairy,70,85,75,130,115,95,570
786,787,Tapu Bulu,Grass,Fairy,70,130,115,85,95,75,570
787,788,Tapu Fini,Water,Fairy,70,75,115,95,130,85,570
788,789,Cosmog,Psychic,None,43,29,31,29,31,37,200
789,790,Cosmoem,Psychic,None,43,29,131,29,131,37,400
790,791,Solgaleo,Psychic,Steel,137,137,107,113,89,97,680
791,792,Lunala,Psychic,Ghost,137,113,89,137,107,97,680
792,793,Nihilego,Rock,Poison,109,53,47,127,131,103,570
793,794,Buzzwole,Bug,Fighting,107,139,139,53,53,79,570
794,795,Pheromosa,Bug,Fighting,71,137,37,137,37,151,570
795,796,Xurkitree,Electric,None,83,89,71,173,71,83,570
796,797,Celesteela,Steel,Flying,97,101,103,107,101,61,570
797,798,Kartana,Grass,Steel,59,181,131,59,31,109,570
798,799,Guzzlord,Dark,Dragon,223,101,53,97,53,43,570
799,800,Necrozma,Psychic,None,97,107,101,127,89,79,600
800,801,Magearna,Steel,Fairy,80,95,115,130,115,65,600
801,802,Marshadow,Fighting,Ghost,90,125,80,90,90,125,600
802,803,Poipole,Poison,None,67,73,67,73,67,73,420
803,804,Naganadel,Poison,Dragon,73,73,73,127,73,121,540
804,805,Stakataka,Rock,Steel,61,131,211,53,101,13,570
805,806,Blacephalon,Fire,Ghost,53,127,53,151,79,107,570
806,807,Zeraora,Electric,None,88,112,75,102,80,143,600
807,808,Meltan,Steel,None,46,65,65,55,35,34,300
808,809,Melmetal,Steel,None,135,143,143,80,65,34,600
809,810,Grookey,Grass,None,50,65,50,40,40,65,310
810,811,Thwackey,Grass,None,70,85,70,55,60,80,420
811,812,Rillaboom,Grass,None,100,125,90,60,70,85,530
812,813,Scorbunny,Fire,None,50,71,40,40,40,69,310
813,814,Raboot,Fire,None,65,86,60,55,60,94,420
814,815,Cinderace,Fire,None,80,116,75,65,75,119,530
815,816,Sobble,Water,None,50,40,40,70,40,70,310
816,817,Drizzile,Water,None,65,60,55,95,55,90,420
817,818,Inteleon,Water,None,70,85,65,125,65,120,530
818,819,Skwovet,Normal,None,70,55,55,35,35,25,275
819,820,Greedent,Normal,None,120,95,95,55,75,20,460
820,821,Rookidee,Flying,None,38,47,35,33,35,57,245
821,822,Corvisquire,Flying,None,68,67,55,43,55,77,365
822,823,Corviknight,Flying,Steel,98,87,105,53,85,67,495
823,824,Blipbug,Bug,None,25,20,20,25,45,45,180
824,825,Dottler,Bug,Psychic,50,35,80,50,90,30,335
825,826,Orbeetle,Bug,Psychic,60,45,110,80,120,90,505
826,827,Nickit,Dark,None,40,28,28,47,52,50,245
827,828,Thievul,Dark,None,70,58,58,87,92,90,455
828,829,Gossifleur,Grass,None,40,40,60,40,60,10,250
829,830,Eldegoss,Grass,None,60,50,90,80,120,60,460
830,831,Wooloo,Normal,None,42,40,55,40,45,48,270
831,832,Dubwool,Normal,None,72,80,100,60,90,88,490
832,833,Chewtle,Water,None,50,64,50,38,38,44,284
833,834,Drednaw,Water,Rock,90,115,90,48,68,74,485
834,835,Yamper,Electric,None,59,45,50,40,50,26,270
835,836,Boltund,Electric,None,69,90,60,90,60,121,490
836,837,Rolycoly,Rock,None,30,40,50,40,50,30,240
837,838,Carkol,Rock,Fire,80,60,90,60,70,50,410
838,839,Coalossal,Rock,Fire,110,80,120,80,90,30,510
839,840,Applin,Grass,Dragon,40,40,80,40,40,20,260
840,841,Flapple,Grass,Dragon,70,110,80,95,60,70,485
841,842,Appletun,Grass,Dragon,110,85,80,100,80,30,485
842,843,Silicobra,Ground,None,52,57,75,35,50,46,315
843,844,Sandaconda,Ground,None,72,107,125,65,70,71,510
844,845,Cramorant,Flying,Water,70,85,55,85,95,85,475
845,846,Arrokuda,Water,None,41,63,40,40,30,66,280
846,847,Barraskewda,Water,None,61,123,60,60,50,136,490
847,848,Toxel,Electric,Poison,40,38,35,54,35,40,242
848,849,Toxtricity,Electric,Poison,75,98,70,114,70,75,502
849,850,Sizzlipede,Fire,Bug,50,65,45,50,50,45,305
850,851,Centiskorch,Fire,Bug,100,115,65,90,90,65,525
851,852,Clobbopus,Fighting,None,50,68,60,50,50,32,310
852,853,Grapploct,Fighting,None,80,118,90,70,80,42,480
853,854,Sinistea,Ghost,None,40,45,45,74,54,50,308
854,855,Polteageist,Ghost,None,60,65,65,134,114,70,508
855,856,Hatenna,Psychic,None,42,30,45,56,53,39,265
856,857,Hattrem,Psychic,None,57,40,65,86,73,49,370
857,858,Hatterene,Psychic,Fairy,57,90,95,136,103,29,510
858,859,Impidimp,Dark,Fairy,45,45,30,55,40,50,265
859,860,Morgrem,Dark,Fairy,65,60,45,75,55,70,370
860,861,Grimmsnarl,Dark,Fairy,95,120,65,95,75,60,510
861,862,Obstagoon,Dark,Normal,93,90,101,60,81,95,520
862,863,Perrserker,Steel,None,70,110,100,50,60,50,440
863,864,Cursola,Ghost,None,60,95,50,145,130,30,510
864,865,Sirfetch'd,Fighting,None,62,135,95,68,82,65,507
865,866,Mr. Rime,Psychic,Ice,80,85,75,110,100,70,520
866,867,Runerigus,Ground,Ghost,58,95,145,50,105,30,483
867,868,Milcery,Fairy,None,45,40,40,50,61,34,270
868,869,Alcremie,Fairy,None,65,60,75,110,121,64,495
869,870,Falinks,Fighting,None,65,100,100,70,60,75,470
870,871,Pincurchin,Electric,None,48,101,95,91,85,15,435
871,872,Snom,Ice,Bug,30,25,35,45,30,20,185
872,873,Frosmoth,Ice,Bug,70,65,60,125,90,65,475
873,874,Stonjourner,Rock,None,100,125,135,20,20,70,470
874,875,Eiscue,Ice,None,75,80,110,65,90,50,470
875,876,Indeedee,Psychic,Normal,60,65,55,105,95,95,475
876,877,Morpeko,Electric,Dark,58,95,58,70,58,97,436
877,878,Cufant,Steel,None,72,80,49,40,49,40,330
878,879,Copperajah,Steel,None,122,130,69,80,69,30,500
879,880,Dracozolt,Electric,Dragon,90,100,90,80,70,75,505
880,881,Arctozolt,Electric,Ice,90,100,90,90,80,55,505
881,882,Dracovish,Water,Dragon,90,90,100,70,80,75,505
882,883,Arctovish,Water,Ice,90,90,100,80,90,55,505
883,884,Duraludon,Steel,Dragon,70,95,115,120,50,85,535
884,885,Dreepy,Dragon,Ghost,28,60,30,40,30,82,270
885,886,Drakloak,Dragon,Ghost,68,80,50,60,50,102,410
886,887,Dragapult,Dragon,Ghost,88,120,75,100,75,142,600
887,888,Zacian,Fairy,Steel,92,170,115,80,115,148,720
888,889,Zamazenta,Fighting,Steel,92,130,145,80,145,128,720
889,890,Eternatus,Poison,Dragon,140,85,95,145,95,130,690
